<?xml version="1.0" encoding="UTF-8"?>
<project-private xmlns="http://www.netbeans.org/ns/project-private/1">
    <editor-bookmarks xmlns="http://www.netbeans.org/ns/editor-bookmarks/2" lastBookmarkId="0"/>
    <open-files xmlns="http://www.netbeans.org/ns/projectui-open-files/2">
        <group>
            <file>file:/C:/Users/roma/Desktop/Rep/StockTracker/src/ipd12/Java3/Project/StockTracker/API.java</file>
            <file>file:/C:/Users/roma/Desktop/Rep/StockTracker/src/ipd12/Java3/Project/StockTracker/MainWindow.java</file>
            <file>file:/C:/Users/roma/Desktop/Rep/StockTracker/src/ipd12/Java3/Project/StockTracker/MyTableModel.java</file>
            <file>file:/C:/Users/roma/Desktop/Rep/StockTracker/src/ipd12/Java3/Project/StockTracker/Database.java</file>
            <file>file:/C:/Users/roma/Desktop/Rep/StockTracker/src/ipd12/Java3/Project/StockTracker/Globals.java</file>
            <file>file:/C:/Users/roma/Desktop/Rep/StockTracker/src/ipd12/Java3/Project/StockTracker/User.java</file>
        </group>
    </open-files>
</project-private>
